Workbook

Sheet README
B1: Rugby Manager — Calibrage moteur de match V0.1
B3: Objectif
B4: Modéliser un match Top 14 en formules afin de valider les distributions cibles (essais/match, pénalités, phases) AVANT de coder le moteur en TypeScript. Voir 06-moteur-match.md, section 'Plan de travail (proto Excel V0.1)'.
B6: Méthode
B7: 100 matchs simulés via RANDBETWEEN/RAND. Pour chaque match : forces pack/lignes tirées aléatoirement, calcul des conservations/pénalités/essais via formules basées sur les hypothèses de la feuille 'Inputs'. La feuille 'Distributions' agrège, et 'Targets' compare aux cibles réelles Top 14.
B9: Itération
B10: Tant que les indicateurs Targets sont KO, ajuster les valeurs jaunes de la feuille Inputs (uniquement) — JAMAIS toucher aux formules. Re-presser F9 (LibreOffice) ou Cmd+= pour relancer les 100 matchs et re-vérifier.
B12: Conventions de couleur
B13: • Bleu = input à modifier librement (fond jaune)
B14: • Noir = formule, NE PAS modifier
B15: • Vert = lien vers une autre feuille
B17: Cibles Top 14 (cf. 14-tests-validation.md)
... B27: Les 6 sous-systèmes (mêlée, touche, jeu courant, ruck, jeu au pied, sanctions) sont agrégés au niveau match — pas de simulation phase-par-phase. C'est volontaire : on valide les distributions globales AVANT d'entrer dans les détails. Approfondissement phase-par-phase = V0.2 (mêlée d'abord).

Sheet Inputs
B1: Hypothèses calibrables
B2: Modifie uniquement la colonne C (cellules jaunes). Les formules s'ajusteront.
B4: 1. Phases & rythme du match
B5: Phases minimum par match | C5: 65 | D5: borne basse RANDBETWEEN
B6: Phases maximum par match | C6: 90 | D6: borne haute RANDBETWEEN
B7: % phases conquête (mêlée+touche) | C7: 0.25 | D7: le reste = jeu courant + rucks
B8: % mêlées dans la conquête | C8: 0.3 | D8: le reste = touches
B10: 2. Force des équipes (génération 100 matchs)
B11: Force pack — moyenne population | C11: 65 | D11: pack moyen Top 14
B12: Force pack — écart-type | C12: 12 | D12: spread petits/gros clubs
B13: Force lignes arrière — moyenne | C13: 65
B14: Force lignes arrière — écart-type | C14: 12
B16: 3. Mêlée
B17: P(conservation introduction) packs équivalents | C17: 0.85 | D17: intro home conservée
B18: Sensibilité différentiel pack à la conservation | C18: 0.004 | D18: Δprob par point de différentiel
B19: P(pénalité contre défense) par mêlée intro | C19: 0.1 | D19: défense sanctionnée (écroulement)
B20: Sensibilité différentiel pack à la pénalité | C20: 0.003 | D20: Δprob par point de différentiel
B22: 4. Touche
B23: P(conservation lancer) qualité moy. | C23: 0.88 | D23: touches gagnées sur lancer propre
B24: Sensibilité qualité touche à la conservation | C24: 0.003 | D24: Δprob par point qualité touche
B26: 5. Jeu courant + ruck
B27: % multiphases par possession | C27: 0.65 | D27: % des possessions qui enchaînent ≥3 phases
B28: P(turnover/pénalité par phase courante) | C28: 0.18 | D28: absorbe rucks contestés + pen jeu déloyal — V0.2 splittera
B30: 6. Conversion en essais
B31: P(essai par possession en zone rouge) | C31: 0.3 | D31: possession dans les 22m
B32: % possessions atteignant zone rouge — équipes équiv. | C32: 0.25
B33: Sensibilité différentiel lignes à %zoneRouge | C33: 0.003
B35: 7. Pénalités au pied
B36: P(tentative de pénalité) sur pénalité obtenue | C36: 0.7 | D36: le reste = touche / mêlée tactique
B37: % réussite pénalité (buteur moyen) | C37: 0.65 | D37: cible 60-70%
B38: % réussite transformation | C38: 0.75 | D38: post-essai
B40: 8. Sanctions (cartons)
B41: P(carton jaune) par match par équipe | C41: 0.25 | D41: cible 0.3-0.7 par match au total
B42: P(carton rouge) par match par équipe | C42: 0.04 | D42: cible 0.05-0.10 au total

Sheet Match_Sim
A1: Simulation — 100 matchs
A3: Match | B3: Pack_H | C3: Pack_A | D3: Backs_H | E3: Backs_A | F3: Phases | G3: Mêlées | H3: Touches | I3: Rucks/JC | J3: MêlPen_H | K3: MêlPen_A | L3: TouPen_H | M3: TouPen_A | N3: Possess_H | O3: Possess_A | P3: ZoneR_H | Q3: ZoneR_A | R3: Essais_H | S3: Essais_A | T3: PenObt_H | U3: PenObt_A | V3: PenTent_H | W3: PenTent_A | X3: PenRéu_H | Y3: PenRéu_A | Z3: TransRéu_H | AA3: TransRéu_A | AB3: Score_H | AC3: Score_A | AD3: JauneT | AE3: RougeT | AF3: Score_TOT | AG3: DiffScore | AH3: Essais_TOT | AI3: PenTent_TOT | AJ3: PenRéu_TOT | AK3: IsDraw
A4: 1 | B4: =ROUND(MAX(30,MIN(95,Inputs!$C$11+(RAND()+RAND()+RAND()-1.5)*Inputs!$C$12*2)),0) -> 56 | C4: =ROUND(MAX(30,MIN(95,Inputs!$C$11+(RAND()+RAND()+RAND()-1.5)*Inputs!$C$12*2)),0) -> 51 | D4: =ROUND(MAX(30,MIN(95,Inputs!$C$13+(RAND()+RAND()+RAND()-1.5)*Inputs!$C$14*2)),0) -> 74 | E4: =ROUND(MAX(30,MIN(95,Inputs!$C$13+(RAND()+RAND()+RAND()-1.5)*Inputs!$C$14*2)),0) -> 53 | F4: =RANDBETWEEN(Inputs!$C$5,Inputs!$C$6) -> 68 | G4: =ROUND(F4*Inputs!$C$7*Inputs!$C$8,0) -> 5 | H4: =ROUND(F4*Inputs!$C$7*(1-Inputs!$C$8),0) -> 12 | I4: =F4-G4-H4 -> 51 | J4: =(G4/2)*MAX(0,MIN(1,Inputs!$C$19+(B4-C4)*Inputs!$C$20)) -> 0.2875 | K4: =(G4/2)*MAX(0,MIN(1,Inputs!$C$19+(C4-B4)*Inputs!$C$20)) -> 0.2125 | L4: =(H4/2)*MAX(0,1-MIN(1,Inputs!$C$23+(C4-B4)*Inputs!$C$24))*0.5 -> 0.405 | M4: =(H4/2)*MAX(0,1-MIN(1,Inputs!$C$23+(B4-C4)*Inputs!$C$24))*0.5 -> 0.315 | N4: =ROUND(F4*(0.5+(B4-C4)*0.005),0) -> 36 | O4: =F4-N4 -> 32 | P4: =N4*MAX(0,MIN(1,Inputs!$C$32+(D4-E4)*Inputs!$C$33)) -> 11.268 | Q4: =O4*MAX(0,MIN(1,Inputs!$C$32+(E4-D4)*Inputs!$C$33)) -> 5.984 | R4: =ROUND(P4*Inputs!$C$31,0) -> 3 | S4: =ROUND(Q4*Inputs!$C$31,0) -> 2 | T4: =J4+L4+I4*Inputs!$C$28*0.5 -> 5.2825 | U4: =K4+M4+I4*Inputs!$C$28*0.5 -> 5.1175 | V4: =T4*Inputs!$C$36 -> 3.69775 | W4: =U4*Inputs!$C$36 -> 3.58225 | X4: =V4*Inputs!$C$37 -> 2.4035375 | Y4: =W4*Inputs!$C$37 -> 2.3284625 | Z4: =R4*Inputs!$C$38 -> 2.25 | AA4: =S4*Inputs!$C$38 -> 1.5 | AB4: =ROUND(R4*5+Z4*2+X4*3,0) -> 27 | AC4: =ROUND(S4*5+AA4*2+Y4*3,0) -> 20 | AD4: =IF(RAND()<Inputs!$C$41,1,0)+IF(RAND()<Inputs!$C$41,1,0) -> 1 | AE4: =IF(RAND()<Inputs!$C$42,1,0)+IF(RAND()<Inputs!$C$42,1,0) -> 0 | AF4: =AB4+AC4 -> 47 | AG4: =ABS(AB4-AC4) -> 7 | AH4: =R4+S4 -> 5 | AI4: =V4+W4 -> 7.28 | AJ4: =X4+Y4 -> 4.732 | AK4: =IF(AB4=AC4,1,0) -> 0
A5: 2 | B5: =ROUND(MAX(30,MIN(95,Inputs!$C$11+(RAND()+RAND()+RAND()-1.5)*Inputs!$C$12*2)),0) -> 48 | C5: =ROUND(MAX(30,MIN(95,Inputs!$C$11+(RAND()+RAND()+RAND()-1.5)*Inputs!$C$12*2)),0) -> 60 | D5: =ROUND(MAX(30,MIN(95,Inputs!$C$13+(RAND()+RAND()+RAND()-1.5)*Inputs!$C$14*2)),0) -> 55 | E5: =ROUND(MAX(30,MIN(95,Inputs!$C$13+(RAND()+RAND()+RAND()-1.5)*Inputs!$C$14*2)),0) -> 59 | F5: =RANDBETWEEN(Inputs!$C$5,Inputs!$C$6) -> 66 | G5: =ROUND(F5*Inputs!$C$7*Inputs!$C$8,0) -> 5 | H5: =ROUND(F5*Inputs!$C$7*(1-Inputs!$C$8),0) -> 12 | I5: =F5-G5-H5 -> 49 | J5: =(G5/2)*MAX(0,MIN(1,Inputs!$C$19+(B5-C5)*Inputs!$C$20)) -> 0.16 | K5: =(G5/2)*MAX(0,MIN(1,Inputs!$C$19+(C5-B5)*Inputs!$C$20)) -> 0.34 | L5: =(H5/2)*MAX(0,1-MIN(1,Inputs!$C$23+(C5-B5)*Inputs!$C$24))*0.5 -> 0.252 | M5: =(H5/2)*MAX(0,1-MIN(1,Inputs!$C$23+(B5-C5)*Inputs!$C$24))*0.5 -> 0.468 | N5: =ROUND(F5*(0.5+(B5-C5)*0.005),0) -> 29 | O5: =F5-N5 -> 37 | P5: =N5*MAX(0,MIN(1,Inputs!$C$32+(D5-E5)*Inputs!$C$33)) -> 6.902 | Q5: =O5*MAX(0,MIN(1,Inputs!$C$32+(E5-D5)*Inputs!$C$33)) -> 9.694 | R5: =ROUND(P5*Inputs!$C$31,0) -> 2 | S5: =ROUND(Q5*Inputs!$C$31,0) -> 3 | T5: =J5+L5+I5*Inputs!$C$28*0.5 -> 4.822 | U5: =K5+M5+I5*Inputs!$C$28*0.5 -> 5.218 | V5: =T5*Inputs!$C$36 -> 3.3754 | W5: =U5*Inputs!$C$36 -> 3.6526 | X5: =V5*Inputs!$C$37 -> 2.19401 | Y5: =W5*Inputs!$C$37 -> 2.37419 | Z5: =R5*Inputs!$C$38 -> 1.5 | AA5: =S5*Inputs!$C$38 -> 2.25 | AB5: =ROUND(R5*5+Z5*2+X5*3,0) -> 20 | AC5: =ROUND(S5*5+AA5*2+Y5*3,0) -> 27 | AD5: =IF(RAND()<Inputs!$C$41,1,0)+IF(RAND()<Inputs!$C$41,1,0) -> 0 | AE5: =IF(RAND()<Inputs!$C$42,1,0)+IF(RAND()<Inputs!$C$42,1,0) -> 0 | AF5: =AB5+AC5 -> 47 | AG5: =ABS(AB5-AC5) -> 7 | AH5: =R5+S5 -> 5 | AI5: =V5+W5 -> 7.028 | AJ5: =X5+Y5 -> 4.5682 | AK5: =IF(AB5=AC5,1,0) -> 0
A6: 3 | B6: =ROUND(MAX(30,MIN(95,Inputs!$C$11+(RAND()+RAND()+RAND()-1.5)*Inputs!$C$12*2)),0) -> 44 | C6: =ROUND(MAX(30,MIN(95,Inputs!$C$11+(RAND()+RAND()+RAND()-1.5)*Inputs!$C$12*2)),0) -> 93 | D6: =ROUND(MAX(30,MIN(95,Inputs!$C$13+(RAND()+RAND()+RAND()-1.5)*Inputs!$C$14*2)),0) -> 94 | E6: =ROUND(MAX(30,MIN(95,Inputs!$C$13+(RAND()+RAND()+RAND()-1.5)*Inputs!$C$14*2)),0) -> 60 | F6: =RANDBETWEEN(Inputs!$C$5,Inputs!$C$6) -> 85 | G6: =ROUND(F6*Inputs!$C$7*Inputs!$C$8,0) -> 6 | H6: =ROUND(F6*Inputs!$C$7*(1-Inputs!$C$8),0) -> 15 | I6: =F6-G6-H6 -> 64 | J6: =(G6/2)*MAX(0,MIN(1,Inputs!$C$19+(B6-C6)*Inputs!$C$20)) -> 0 | K6: =(G6/2)*MAX(0,MIN(1,Inputs!$C$19+(C6-B6)*Inputs!$C$20)) -> 0.741 | L6: =(H6/2)*MAX(0,1-MIN(1,Inputs!$C$23+(C6-B6)*Inputs!$C$24))*0.5 -> 0 | M6: =(H6/2)*MAX(0,1-MIN(1,Inputs!$C$23+(B6-C6)*Inputs!$C$24))*0.5 -> 1.00125 | N6: =ROUND(F6*(0.5+(B6-C6)*0.005),0) -> 22 | O6: =F6-N6 -> 63 | P6: =N6*MAX(0,MIN(1,Inputs!$C$32+(D6-E6)*Inputs!$C$33)) -> 7.744 | Q6: =O6*MAX(0,MIN(1,Inputs!$C$32+(E6-D6)*Inputs!$C$33)) -> 9.324 | R6: =ROUND(P6*Inputs!$C$31,0) -> 2 | S6: =ROUND(Q6*Inputs!$C$31,0) -> 3 | T6: =J6+L6+I6*Inputs!$C$28*0.5 -> 5.76 | U6: =K6+M6+I6*Inputs!$C$28*0.5 -> 7.50225 | V6: =T6*Inputs!$C$36 -> 4.032 | W6: =U6*Inputs!$C$36 -> 5.251575 | X6: =V6*Inputs!$C$37 -> 2.6208 | Y6: =W6*Inputs!$C$37 -> 3.4135237 | Z6: =R6*Inputs!$C$38 -> 1.5 | AA6: =S6*Inputs!$C$38 -> 2.25 | AB6: =ROUND(R6*5+Z6*2+X6*3,0) -> 21 | AC6: =ROUND(S6*5+AA6*2+Y6*3,0) -> 30 | AD6: =IF(RAND()<Inputs!$C$41,1,0)+IF(RAND()<Inputs!$C$41,1,0) -> 1 | AE6: =IF(RAND()<Inputs!$C$42,1,0)+IF(RAND()<Inputs!$C$42,1,0) -> 0 | AF6: =AB6+AC6 -> 51 | AG6: =ABS(AB6-AC6) -> 9 | AH6: =R6+S6 -> 5 | AI6: =V6+W6 -> 9.283575 | AJ6: =X6+Y6 -> 6.0343238 | AK6: =IF(AB6=AC6,1,0) -> 0
A7: 4 | B7: =ROUND(MAX(30,MIN(95,Inputs!$C$11+(RAND()+RAND()+RAND()-1.5)*Inputs!$C$12*2)),0) -> 60 | C7: =ROUND(MAX(30,MIN(95,Inputs!$C$11+(RAND()+RAND()+RAND()-1.5)*Inputs!$C$12*2)),0) -> 87 | D7: =ROUND(MAX(30,MIN(95,Inputs!$C$13+(RAND()+RAND()+RAND()-1.5)*Inputs!$C$14*2)),0) -> 42 | E7: =ROUND(MAX(30,MIN(95,Inputs!$C$13+(RAND()+RAND()+RAND()-1.5)*Inputs!$C$14*2)),0) -> 71 | F7: =RANDBETWEEN(Inputs!$C$5,Inputs!$C$6) -> 85 | G7: =ROUND(F7*Inputs!$C$7*Inputs!$C$8,0) -> 6 | H7: =ROUND(F7*Inputs!$C$7*(1-Inputs!$C$8),0) -> 15 | I7: =F7-G7-H7 -> 64 | J7: =(G7/2)*MAX(0,MIN(1,Inputs!$C$19+(B7-C7)*Inputs!$C$20)) -> 0.057 | K7: =(G7/2)*MAX(0,MIN(1,Inputs!$C$19+(C7-B7)*Inputs!$C$20)) -> 0.543 | L7: =(H7/2)*MAX(0,1-MIN(1,Inputs!$C$23+(C7-B7)*Inputs!$C$24))*0.5 -> 0.14625 | M7: =(H7/2)*MAX(0,1-MIN(1,Inputs!$C$23+(B7-C7)*Inputs!$C$24))*0.5 -> 0.75375 | N7: =ROUND(F7*(0.5+(B7-C7)*0.005),0) -> 31 | O7: =F7-N7 -> 54 | P7: =N7*MAX(0,MIN(1,Inputs!$C$32+(D7-E7)*Inputs!$C$33)) -> 5.053 | Q7: =O7*MAX(0,MIN(1,Inputs!$C$32+(E7-D7)*Inputs!$C$33)) -> 18.198 | R7: =ROUND(P7*Inputs!$C$31,0) -> 2 | S7: =ROUND(Q7*Inputs!$C$31,0) -> 5 | T7: =J7+L7+I7*Inputs!$C$28*0.5 -> 5.96325 | U7: =K7+M7+I7*Inputs!$C$28*0.5 -> 7.05675 | V7: =T7*Inputs!$C$36 -> 4.174275 | W7: =U7*Inputs!$C$36 -> 4.939725 | X7: =V7*Inputs!$C$37 -> 2.7132788 | Y7: =W7*Inputs!$C$37 -> 3.2108212 | Z7: =R7*Inputs!$C$38 -> 1.5 | AA7: =S7*Inputs!$C$38 -> 3.75 | AB7: =ROUND(R7*5+Z7*2+X7*3,0) -> 21 | AC7: =ROUND(S7*5+AA7*2+Y7*3,0) -> 42 | AD7: =IF(RAND()<Inputs!$C$41,1,0)+IF(RAND()<Inputs!$C$41,1,0) -> 0 | AE7: =IF(RAND()<Inputs!$C$42,1,0)+IF(RAND()<Inputs!$C$42,1,0) -> 0 | AF7: =AB7+AC7 -> 63 | AG7: =ABS(AB7-AC7) -> 21 | AH7: =R7+S7 -> 7 | AI7: =V7+W7 -> 9.114 | AJ7: =X7+Y7 -> 5.9241 | AK7: =IF(AB7=AC7,1,0) -> 0
A8: 5 | B8: =ROUND(MAX(30,MIN(95,Inputs!$C$11+(RAND()+RAND()+RAND()-1.5)*Inputs!$C$12*2)),0) -> 76 | C8: =ROUND(MAX(30,MIN(95,Inputs!$C$11+(RAND()+RAND()+RAND()-1.5)*Inputs!$C$12*2)),0) -> 71 | D8: =ROUND(MAX(30,MIN(95,Inputs!$C$13+(RAND()+RAND()+RAND()-1.5)*Inputs!$C$14*2)),0) -> 56 | E8: =ROUND(MAX(30,MIN(95,Inputs!$C$13+(RAND()+RAND()+RAND()-1.5)*Inputs!$C$14*2)),0) -> 75 | F8: =RANDBETWEEN(Inputs!$C$5,Inputs!$C$6) -> 84 | G8: =ROUND(F8*Inputs!$C$7*Inputs!$C$8,0) -> 6 | H8: =ROUND(F8*Inputs!$C$7*(1-Inputs!$C$8),0) -> 15 | I8: =F8-G8-H8 -> 63 | J8: =(G8/2)*MAX(0,MIN(1,Inputs!$C$19+(B8-C8)*Inputs!$C$20)) -> 0.345 | K8: =(G8/2)*MAX(0,MIN(1,Inputs!$C$19+(C8-B8)*Inputs!$C$20)) -> 0.255 | L8: =(H8/2)*MAX(0,1-MIN(1,Inputs!$C$23+(C8-B8)*Inputs!$C$24))*0.5 -> 0.50625 | M8: =(H8/2)*MAX(0,1-MIN(1,Inputs!$C$23+(B8-C8)*Inputs!$C$24))*0.5 -> 0.39375 | N8: =ROUND(F8*(0.5+(B8-C8)*0.005),0) -> 44 | O8: =F8-N8 -> 40 | P8: =N8*MAX(0,MIN(1,Inputs!$C$32+(D8-E8)*Inputs!$C$33)) -> 8.492 | Q8: =O8*MAX(0,MIN(1,Inputs!$C$32+(E8-D8)*Inputs!$C$33)) -> 12.28 | R8: =ROUND(P8*Inputs!$C$31,0) -> 3 | S8: =ROUND(Q8*Inputs!$C$31,0) -> 4 | T8: =J8+L8+I8*Inputs!$C$28*0.5 -> 6.52125 | U8: =K8+M8+I8*Inputs!$C$28*0.5 -> 6.31875 | V8: =T8*Inputs!$C$36 -> 4.564875 | W8: =U8*Inputs!$C$36 -> 4.423125 | X8: =V8*Inputs!$C$37 -> 2.9671687 | Y8: =W8*Inputs!$C$37 -> 2.8750313 | Z8: =R8*Inputs!$C$38 -> 2.25 | AA8: =S8*Inputs!$C$38 -> 3 | AB8: =ROUND(R8*5+Z8*2+X8*3,0) -> 28 | AC8: =ROUND(S8*5+AA8*2+Y8*3,0) -> 35 | AD8: =IF(RAND()<Inputs!$C$41,1,0)+IF(RAND()<Inputs!$C$41,1,0) -> 0 | AE8: =IF(RAND()<Inputs!$C$42,1,0)+IF(RAND()<Inputs!$C$42,1,0) -> 0 | AF8: =AB8+AC8 -> 63 | AG8: =ABS(AB8-AC8) -> 7 | AH8: =R8+S8 -> 7 | AI8: =V8+W8 -> 8.988 | AJ8: =X8+Y8 -> 5.8422 | AK8: =IF(AB8=AC8,1,0) -> 0
A9: 6 | B9: =ROUND(MAX(30,MIN(95,Inputs!$C$11+(RAND()+RAND()+RAND()-1.5)*Inputs!$C$12*2)),0) -> 80 | C9: =ROUND(MAX(30,MIN(95,Inputs!$C$11+(RAND()+RAND()+RAND()-1.5)*Inputs!$C$12*2)),0) -> 55 | D9: =ROUND(MAX(30,MIN(95,Inputs!$C$13+(RAND()+RAND()+RAND()-1.5)*Inputs!$C$14*2)),0) -> 68 | E9: =ROUND(MAX(30,MIN(95,Inputs!$C$13+(RAND()+RAND()+RAND()-1.5)*Inputs!$C$14*2)),0) -> 81 | F9: =RANDBETWEEN(Inputs!$C$5,Inputs!$C$6) -> 88 | G9: =ROUND(F9*Inputs!$C$7*Inputs!$C$8,0) -> 7 | H9: =ROUND(F9*Inputs!$C$7*(1-Inputs!$C$8),0) -> 15 | I9: =F9-G9-H9 -> 66 | J9: =(G9/2)*MAX(0,MIN(1,Inputs!$C$19+(B9-C9)*Inputs!$C$20)) -> 0.6125 | K9: =(G9/2)*MAX(0,MIN(1,Inputs!$C$19+(C9-B9)*Inputs!$C$20)) -> 0.0875 | L9: =(H9/2)*MAX(0,1-MIN(1,Inputs!$C$23+(C9-B9)*Inputs!$C$24))*0.5 -> 0.73125 | M9: =(H9/2)*MAX(0,1-MIN(1,Inputs!$C$23+(B9-C9)*Inputs!$C$24))*0.5 -> 0.16875 | N9: =ROUND(F9*(0.5+(B9-C9)*0.005),0) -> 55 | O9: =F9-N9 -> 33 | P9: =N9*MAX(0,MIN(1,Inputs!$C$32+(D9-E9)*Inputs!$C$33)) -> 11.605 | Q9: =O9*MAX(0,MIN(1,Inputs!$C$32+(E9-D9)*Inputs!$C$33)) -> 9.537 | R9: =ROUND(P9*Inputs!$C$31,0) -> 3 | S9: =ROUND(Q9*Inputs!$C$31,0) -> 3 | T9: =J9+L9+I9*Inputs!$C$28*0.5 -> 7.28375 | U9: =K9+M9+I9*Inputs!$C$28*0.5 -> 6.19625 | V9: =T9*Inputs!$C$36 -> 5.098625 | W9: =U9*Inputs!$C$36 -> 4.337375 | X9: =V9*Inputs!$C$37 -> 3.3141063 | Y9: =W9*Inputs!$C$37 -> 2.8192937 | Z9: =R9*Inputs!$C$38 -> 2.25 | AA9: =S9*Inputs!$C$38 -> 2.25 | AB9: =ROUND(R9*5+Z9*2+X9*3,0) -> 29 | AC9: =ROUND(S9*5+AA9*2+Y9*3,0) -> 28 | AD9: =IF(RAND()<Inputs!$C$41,1,0)+IF(RAND()<Inputs!$C$41,1,0) -> 0 | AE9: =IF(RAND()<Inputs!$C$42,1,0)+IF(RAND()<Inputs!$C$42,1,0) -> 0 | AF9: =AB9+AC9 -> 57 | AG9: =ABS(AB9-AC9) -> 1 | AH9: =R9+S9 -> 6 | AI9: =V9+W9 -> 9.436 | AJ9: =X9+Y9 -> 6.1334 | AK9: =IF(AB9=AC9,1,0) -> 0
A10: 7 | B10: =ROUND(MAX(30,MIN(95,Inputs!$C$11+(RAND()+RAND()+RAND()-1.5)*Inputs!$C$12*2)),0) -> 75 | C10: =ROUND(MAX(30,MIN(95,Inputs!$C$11+(RAND()+RAND()+RAND()-1.5)*Inputs!$C$12*2)),0) -> 76 | D10: =ROUND(MAX(30,MIN(95,Inputs!$C$13+(RAND()+RAND()+RAND()-1.5)*Inputs!$C$14*2)),0) -> 65 | E10: =ROUND(MAX(30,MIN(95,Inputs!$C$13+(RAND()+RAND()+RAND()-1.5)*Inputs!$C$14*2)),0) -> 56 | F10: =RANDBETWEEN(Inputs!$C$5,Inputs!$C$6) -> 89 | G10: =ROUND(F10*Inputs!$C$7*Inputs!$C$8,0) -> 7 | H10: =ROUND(F10*Inputs!$C$7*(1-Inputs!$C$8),0) -> 16 | I10: =F10-G10-H10 -> 66 | J10: =(G10/2)*MAX(0,MIN(1,Inputs!$C$19+(B10-C10)*Inputs!$C$20)) -> 0.3395 | K10: =(G10/2)*MAX(0,MIN(1,Inputs!$C$19+(C10-B10)*Inputs!$C$20)) -> 0.3605 | L10: =(H10/2)*MAX(0,1-MIN(1,Inputs!$C$23+(C10-B10)*Inputs!$C$24))*0.5 -> 0.468 | M10: =(H10/2)*MAX(0,1-MIN(1,Inputs!$C$23+(B10-C10)*Inputs!$C$24))*0.5 -> 0.492 | N10: =ROUND(F10*(0.5+(B10-C10)*0.005),0) -> 44 | O10: =F10-N10 -> 45 | P10: =N10*MAX(0,MIN(1,Inputs!$C$32+(D10-E10)*Inputs!$C$33)) -> 12.188 | Q10: =O10*MAX(0,MIN(1,Inputs!$C$32+(E10-D10)*Inputs!$C$33)) -> 10.035 | R10: =ROUND(P10*Inputs!$C$31,0) -> 4 | S10: =ROUND(Q10*Inputs!$C$31,0) -> 3 | T10: =J10+L10+I10*Inputs!$C$28*0.5 -> 6.7475 | U10: =K10+M10+I10*Inputs!$C$28*0.5 -> 6.7925 | V10: =T10*Inputs!$C$36 -> 4.72325 | W10: =U10*Inputs!$C$36 -> 4.75475 | X10: =V10*Inputs!$C$37 -> 3.0701125 | Y10: =W10*Inputs!$C$37 -> 3.0905875 | Z10: =R10*Inputs!$C$38 -> 3 | AA10: =S10*Inputs!$C$38 -> 2.25 | AB10: =ROUND(R10*5+Z10*2+X10*3,0) -> 35 | AC10: =ROUND(S10*5+AA10*2+Y10*3,0) -> 29 | AD10: =IF(RAND()<Inputs!$C$41,1,0)+IF(RAND()<Inputs!$C$41,1,0) -> 1 | AE10: =IF(RAND()<Inputs!$C$42,1,0)+IF(RAND()<Inputs!$C$42,1,0) -> 0 | AF10: =AB10+AC10 -> 64 | AG10: =ABS(AB10-AC10) -> 6 | AH10: =R10+S10 -> 7 | AI10: =V10+W10 -> 9.478 | AJ10: =X10+Y10 -> 6.1607 | AK10: =IF(AB10=AC10,1,0) -> 0
A11: 8 | B11: =ROUND(MAX(30,MIN(95,Inputs!$C$11+(RAND()+RAND()+RAND()-1.5)*Inputs!$C$12*2)),0) -> 62 | C11: =ROUND(MAX(30,MIN(95,Inputs!$C$11+(RAND()+RAND()+RAND()-1.5)*Inputs!$C$12*2)),0) -> 67 | D11: =ROUND(MAX(30,MIN(95,Inputs!$C$13+(RAND()+RAND()+RAND()-1.5)*Inputs!$C$14*2)),0) -> 57 | E11: =ROUND(MAX(30,MIN(95,Inputs!$C$13+(RAND()+RAND()+RAND()-1.5)*Inputs!$C$14*2)),0) -> 68 | F11: =RANDBETWEEN(Inputs!$C$5,Inputs!$C$6) -> 72 | G11: =ROUND(F11*Inputs!$C$7*Inputs!$C$8,0) -> 5 | H11: =ROUND(F11*Inputs!$C$7*(1-Inputs!$C$8),0) -> 13 | I11: =F11-G11-H11 -> 54 | J11: =(G11/2)*MAX(0,MIN(1,Inputs!$C$19+(B11-C11)*Inputs!$C$20)) -> 0.2125 | K11: =(G11/2)*MAX(0,MIN(1,Inputs!$C$19+(C11-B11)*Inputs!$C$20)) -> 0.2875 | L11: =(H11/2)*MAX(0,1-MIN(1,Inputs!$C$23+(C11-B11)*Inputs!$C$24))*0.5 -> 0.34125 | M11: =(H11/2)*MAX(0,1-MIN(1,Inputs!$C$23+(B11-C11)*Inputs!$C$24))*0.5 -> 0.43875 | N11: =ROUND(F11*(0.5+(B11-C11)*0.005),0) -> 34 | O11: =F11-N11 -> 38 | P11: =N11*MAX(0,MIN(1,Inputs!$C$32+(D11-E11)*Inputs!$C$33)) -> 7.378 | Q11: =O11*MAX(0,MIN(1,Inputs!$C$32+(E11-D11)*Inputs!$C$33)) -> 10.754 | R11: =ROUND(P11*Inputs!$C$31,0) -> 2 | S11: =ROUND(Q11*Inputs!$C$31,0) -> 3 | T11: =J11+L11+I11*Inputs!$C$28*0.5 -> 5.41375 | U11: =K11+M11+I11*Inputs!$C$28*0.5 -> 5.58625 | V11: =T11*Inputs!$C$36 -> 3.789625 | W11: =U11*Inputs!$C$36 -> 3.910375 | X11: =V11*Inputs!$C$37 -> 2.4632563 | Y11: =W11*Inputs!$C$37 -> 2.5417438 | Z11: =R11*Inputs!$C$38 -> 1.5 | AA11: =S11*Inputs!$C$38 -> 2.25 | AB11: =ROUND(R11*5+Z11*2+X11*3,0) -> 20 | AC11: =ROUND(S11*5+AA11*2+Y11*3,0) -> 27 | AD11: =IF(RAND()<Inputs!$C$41,1,0)+IF(RAND()<Inputs!$C$41,1,0) -> 2 | AE11: =IF(RAND()<Inputs!$C$42,1,0)+IF(RAND()<Inputs!$C$42,1,0) -> 0 | AF11: =AB11+AC11 -> 47 | AG11: =ABS(AB11-AC11) -> 7 | AH11: =R11+S11 -> 5 | AI11: =V11+W11 -> 7.7 | AJ11: =X11+Y11 -> 5.005 | AK11: =IF(AB11=AC11,1,0) -> 0
A12: 9 | B12: =ROUND(MAX(30,MIN(95,Inputs!$C$11+(RAND()+RAND()+RAND()-1.5)*Inputs!$C$12*2)),0) -> 72 | C12: =ROUND(MAX(30,MIN(95,Inputs!$C$11+(RAND()+RAND()+RAND()-1.5)*Inputs!$C$12*2)),0) -> 86 | D12: =ROUND(MAX(30,MIN(95,Inputs!$C$13+(RAND()+RAND()+RAND()-1.5)*Inputs!$C$14*2)),0) -> 69 | E12: =ROUND(MAX(30,MIN(95,Inputs!$C$13+(RAND()+RAND()+RAND()-1.5)*Inputs!$C$14*2)),0) -> 70 | F12: =RANDBETWEEN(Inputs!$C$5,Inputs!$C$6) -> 80 | G12: =ROUND(F12*Inputs!$C$7*Inputs!$C$8,0) -> 6 | H12: =ROUND(F12*Inputs!$C$7*(1-Inputs!$C$8),0) -> 14 | I12: =F12-G12-H12 -> 60 | J12: =(G12/2)*MAX(0,MIN(1,Inputs!$C$19+(B12-C12)*Inputs!$C$20)) -> 0.174 | K12: =(G12/2)*MAX(0,MIN(1,Inputs!$C$19+(C12-B12)*Inputs!$C$20)) -> 0.426 | L12: =(H12/2)*MAX(0,1-MIN(1,Inputs!$C$23+(C12-B12)*Inputs!$C$24))*0.5 -> 0.273 | M12: =(H12/2)*MAX(0,1-MIN(1,Inputs!$C$23+(B12-C12)*Inputs!$C$24))*0.5 -> 0.567 | N12: =ROUND(F12*(0.5+(B12-C12)*0.005),0) -> 34 | O12: =F12-N12 -> 46 | P12: =N12*MAX(0,MIN(1,Inputs!$C$32+(D12-E12)*Inputs!$C$33)) -> 8.398 | Q12: =O12*MAX(0,MIN(1,Inputs!$C$32+(E12-D12)*Inputs!$C$33)) -> 11.638 | R12: =ROUND(P12*Inputs!$C$31,0) -> 3 | S12: =ROUND(Q12*Inputs!$C$31,0) -> 3 | T12: =J12+L12+I12*Inputs!$C$28*0.5 -> 5.847 | U12: =K12+M12+I12*Inputs!$C$28*0.5 -> 6.393 | V12: =T12*Inputs!$C$36 -> 4.0929 | W12: =U12*Inputs!$C$36 -> 4.4751 | X12: =V12*Inputs!$C$37 -> 2.660385 | Y12: =W12*Inputs!$C$37 -> 2.908815 | Z12: =R12*Inputs!$C$38 -> 2.25 | AA12: =S12*Inputs!$C$38 -> 2.25 | AB12: =ROUND(R12*5+Z12*2+X12*3,0) -> 27 | AC12: =ROUND(S12*5+AA12*2+Y12*3,0) -> 28 | AD12: =IF(RAND()<Inputs!$C$41,1,0)+IF(RAND()<Inputs!$C$41,1,0) -> 1 | AE12: =IF(RAND()<Inputs!$C$42,1,0)+IF(RAND()<Inputs!$C$42,1,0) -> 0 | AF12: =AB12+AC12 -> 55 | AG12: =ABS(AB12-AC12) -> 1 | AH12: =R12+S12 -> 6 | AI12: =V12+W12 -> 8.568 | AJ12: =X12+Y12 -> 5.5692 | AK12: =IF(AB12=AC12,1,0) -> 0
A13: 10 | B13: =ROUND(MAX(30,MIN(95,Inputs!$C$11+(RAND()+RAND()+RAND()-1.5)*Inputs!$C$12*2)),0) -> 76 | C13: =ROUND(MAX(30,MIN(95,Inputs!$C$11+(RAND()+RAND()+RAND()-1.5)*Inputs!$C$12*2)),0) -> 58 | D13: =ROUND(MAX(30,MIN(95,Inputs!$C$13+(RAND()+RAND()+RAND()-1.5)*Inputs!$C$14*2)),0) -> 59 | E13: =ROUND(MAX(30,MIN(95,Inputs!$C$13+(RAND()+RAND()+RAND()-1.5)*Inputs!$C$14*2)),0) -> 58 | F13: =RANDBETWEEN(Inputs!$C$5,Inputs!$C$6) -> 86 | G13: =ROUND(F13*Inputs!$C$7*Inputs!$C$8,0) -> 6 | H13: =ROUND(F13*Inputs!$C$7*(1-Inputs!$C$8),0) -> 15 | I13: =F13-G13-H13 -> 65 | J13: =(G13/2)*MAX(0,MIN(1,Inputs!$C$19+(B13-C13)*Inputs!$C$20)) -> 0.462 | K13: =(G13/2)*MAX(0,MIN(1,Inputs!$C$19+(C13-B13)*Inputs!$C$20)) -> 0.138 | L13: =(H13/2)*MAX(0,1-MIN(1,Inputs!$C$23+(C13-B13)*Inputs!$C$24))*0.5 -> 0.6525 | M13: =(H13/2)*MAX(0,1-MIN(1,Inputs!$C$23+(B13-C13)*Inputs!$C$24))*0.5 -> 0.2475 | N13: =ROUND(F13*(0.5+(B13-C13)*0.005),0) -> 51 | O13: =F13-N13 -> 35 | P13: =N13*MAX(0,MIN(1,Inputs!$C$32+(D13-E13)*Inputs!$C$33)) -> 12.903 | Q13: =O13*MAX(0,MIN(1,Inputs!$C$32+(E13-D13)*Inputs!$C$33)) -> 8.645 | R13: =ROUND(P13*Inputs!$C$31,0) -> 4 | S13: =ROUND(Q13*Inputs!$C$31,0) -> 3 | T13: =J13+L13+I13*Inputs!$C$28*0.5 -> 6.9645 | U13: =K13+M13+I13*Inputs!$C$28*0.5 -> 6.2355 | V13: =T13*Inputs!$C$36 -> 4.87515 | W13: =U13*Inputs!$C$36 -> 4.36485 | X13: =V13*Inputs!$C$37 -> 3.1688475 | Y13: =W13*Inputs!$C$37 -> 2.8371525 | Z13: =R13*Inputs!$C$38 -> 3 | AA13: =S13*Inputs!$C$38 -> 2.25 | AB13: =ROUND(R13*5+Z13*2+X13*3,0) -> 36 | AC13: =ROUND(S13*5+AA13*2+Y13*3,0) -> 28 | AD13: =IF(RAND()<Inputs!$C$41,1,0)+IF(RAND()<Inputs!$C$41,1,0) -> 0 | AE13: =IF(RAND()<Inputs!$C$42,1,0)+IF(RAND()<Inputs!$C$42,1,0) -> 0 | AF13: =AB13+AC13 -> 64 | AG13: =ABS(AB13-AC13) -> 8 | AH13: =R13+S13 -> 7 | AI13: =V13+W13 -> 9.24 | AJ13: =X13+Y13 -> 6.006 | AK13: =IF(AB13=AC13,1,0) -> 0
A14: 11 | B14: =ROUND(MAX(30,MIN(95,Inputs!$C$11+(RAND()+RAND()+RAND()-1.5)*Inputs!$C$12*2)),0) -> 50 | C14: =ROUND(MAX(30,MIN(95,Inputs!$C$11+(RAND()+RAND()+RAND()-1.5)*Inputs!$C$12*2)),0) -> 66 | D14: =ROUND(MAX(30,MIN(95,Inputs!$C$13+(RAND()+RAND()+RAND()-1.5)*Inputs!$C$14*2)),0) -> 62 | E14: =ROUND(MAX(30,MIN(95,Inputs!$C$13+(RAND()+RAND()+RAND()-1.5)*Inputs!$C$14*2)),0) -> 47 | F14: =RANDBETWEEN(Inputs!$C$5,Inputs!$C$6) -> 89 | G14: =ROUND(F14*Inputs!$C$7*Inputs!$C$8,0) -> 7 | H14: =ROUND(F14*Inputs!$C$7*(1-Inputs!$C$8),0) -> 16 | I14: =F14-G14-H14 -> 66 | J14: =(G14/2)*MAX(0,MIN(1,Inputs!$C$19+(B14-C14)*Inputs!$C$20)) -> 0.182 | K14: =(G14/2)*MAX(0,MIN(1,Inputs!$C$19+(C14-B14)*Inputs!$C$20)) -> 0.518 | L14: =(H14/2)*MAX(0,1-MIN(1,Inputs!$C$23+(C14-B14)*Inputs!$C$24))*0.5 -> 0.288 | M14: =(H14/2)*MAX(0,1-MIN(1,Inputs!$C$23+(B14-C14)*Inputs!$C$24))*0.5 -> 0.672 | N14: =ROUND(F14*(0.5+(B14-C14)*0.005),0) -> 37 | O14: =F14-N14 -> 52 | P14: =N14*MAX(0,MIN(1,Inputs!$C$32+(D14-E14)*Inputs!$C$33)) -> 10.915 | Q14: =O14*MAX(0,MIN(1,Inputs!$C$32+(E14-D14)*Inputs!$C$33)) -> 10.66 | R14: =ROUND(P14*Inputs!$C$31,0) -> 3 | S14: =ROUND(Q14*Inputs!$C$31,0) -> 3 | T14: =J14+L14+I14*Inputs!$C$28*0.5 -> 6.41 | U14: =K14+M14+I14*Inputs!$C$28*0.5 -> 7.13 | V14: =T14*Inputs!$C$36 -> 4.487 | W14: =U14*Inputs!$C$36 -> 4.991 | X14: =V14*Inputs!$C$37 -> 2.91655 | Y14: =W14*Inputs!$C$37 -> 3.24415 | Z14: =R14*Inputs!$C$38 -> 2.25 | AA14: =S14*Inputs!$C$38 -> 2.25 | AB14: =ROUND(R14*5+Z14*2+X14*3,0) -> 28 | AC14: =ROUND(S14*5+AA14*2+Y14*3,0) -> 29 | AD14: =IF(RAND()<Inputs!$C$41,1,0)+IF(RAND()<Inputs!$C$41,1,0) -> 1 | AE14: =IF(RAND()<Inputs!$C$42,1,0)+IF(RAND()<Inputs!$C$42,1,0) -> 0 | AF14: =AB14+AC14 -> 57 | AG14: =ABS(AB14-AC14) -> 1 | AH14: =R14+S14 -> 6 | AI14: =V14+W14 -> 9.478 | AJ14: =X14+Y14 -> 6.1607 | AK14: =IF(AB14=AC14,1,0) -> 0
A15: 12 | B15: =ROUND(MAX(30,MIN(95,Inputs!$C$11+(RAND()+RAND()+RAND()-1.5)*Inputs!$C$12*2)),0) -> 73 | C15: =ROUND(MAX(30,MIN(95,Inputs!$C$11+(RAND()+RAND()+RAND()-1.5)*Inputs!$C$12*2)),0) -> 59 | D15: =ROUND(MAX(30,MIN(95,Inputs!$C$13+(RAND()+RAND()+RAND()-1.5)*Inputs!$C$14*2)),0) -> 45 | E15: =ROUND(MAX(30,MIN(95,Inputs!$C$13+(RAND()+RAND()+RAND()-1.5)*Inputs!$C$14*2)),0) -> 57 | F15: =RANDBETWEEN(Inputs!$C$5,Inputs!$C$6) -> 78 | G15: =ROUND(F15*Inputs!$C$7*Inputs!$C$8,0) -> 6 | H15: =ROUND(F15*Inputs!$C$7*(1-Inputs!$C$8),0) -> 14 | I15: =F15-G15-H15 -> 58 | J15: =(G15/2)*MAX(0,MIN(1,Inputs!$C$19+(B15-C15)*Inputs!$C$20)) -> 0.426 | K15: =(G15/2)*MAX(0,MIN(1,Inputs!$C$19+(C15-B15)*Inputs!$C$20)) -> 0.174 | L15: =(H15/2)*MAX(0,1-MIN(1,Inputs!$C$23+(C15-B15)*Inputs!$C$24))*0.5 -> 0.567 | M15: =(H15/2)*MAX(0,1-MIN(1,Inputs!$C$23+(B15-C15)*Inputs!$C$24))*0.5 -> 0.273 | N15: =ROUND(F15*(0.5+(B15-C15)*0.005),0) -> 44 | O15: =F15-N15 -> 34 | P15: =N15*MAX(0,MIN(1,Inputs!$C$32+(D15-E15)*Inputs!$C$33)) -> 9.416 | Q15: =O15*MAX(0,MIN(1,Inputs!$C$32+(E15-D15)*Inputs!$C$33)) -> 9.724 | R15: =ROUND(P15*Inputs!$C$31,0) -> 3 | S15: =ROUND(Q15*Inputs!$C$31,0) -> 3 | T15: =J15+L15+I15*Inputs!$C$28*0.5 -> 6.213 | U15: =K15+M15+I15*Inputs!$C$28*0.5 -> 5.667 | V15: =T15*Inputs!$C$36 -> 4.3491 | W15: =U15*Inputs!$C$36 -> 3.9669 | X15: =V15*Inputs!$C$37 -> 2.826915 | Y15: =W15*Inputs!$C$37 -> 2.578485 | Z15: =R15*Inputs!$C$38 -> 2.25 | AA15: =S15*Inputs!$C$38 -> 2.25 | AB15: =ROUND(R15*5+Z15*2+X15*3,0) -> 28 | AC15: =ROUND(S15*5+AA15*2+Y15*3,0) -> 27 | AD15: =IF(RAND()<Inputs!$C$41,1,0)+IF(RAND()<Inputs!$C$41,1,0) -> 0 | AE15: =IF(RAND()<Inputs!$C$42,1,0)+IF(RAND()<Inputs!$C$42,1,0) -> 0 | AF15: =AB15+AC15 -> 55 | AG15: =ABS(AB15-AC15) -> 1 | AH15: =R15+S15 -> 6 | AI15: =V15+W15 -> 8.316 | AJ15: =X15+Y15 -> 5.4054 | AK15: =IF(AB15=AC15,1,0) -> 0
... A103: 100 | B103: =ROUND(MAX(30,MIN(95,Inputs!$C$11+(RAND()+RAND()+RAND()-1.5)*Inputs!$C$12*2)),0) -> 51 | C103: =ROUND(MAX(30,MIN(95,Inputs!$C$11+(RAND()+RAND()+RAND()-1.5)*Inputs!$C$12*2)),0) -> 58 | D103: =ROUND(MAX(30,MIN(95,Inputs!$C$13+(RAND()+RAND()+RAND()-1.5)*Inputs!$C$14*2)),0) -> 48 | E103: =ROUND(MAX(30,MIN(95,Inputs!$C$13+(RAND()+RAND()+RAND()-1.5)*Inputs!$C$14*2)),0) -> 59 | F103: =RANDBETWEEN(Inputs!$C$5,Inputs!$C$6) -> 82 | G103: =ROUND(F103*Inputs!$C$7*Inputs!$C$8,0) -> 6 | H103: =ROUND(F103*Inputs!$C$7*(1-Inputs!$C$8),0) -> 14 | I103: =F103-G103-H103 -> 62 | J103: =(G103/2)*MAX(0,MIN(1,Inputs!$C$19+(B103-C103)*Inputs!$C$20)) -> 0.237 | K103: =(G103/2)*MAX(0,MIN(1,Inputs!$C$19+(C103-B103)*Inputs!$C$20)) -> 0.363 | L103: =(H103/2)*MAX(0,1-MIN(1,Inputs!$C$23+(C103-B103)*Inputs!$C$24))*0.5 -> 0.3465 | M103: =(H103/2)*MAX(0,1-MIN(1,Inputs!$C$23+(B103-C103)*Inputs!$C$24))*0.5 -> 0.4935 | N103: =ROUND(F103*(0.5+(B103-C103)*0.005),0) -> 38 | O103: =F103-N103 -> 44 | P103: =N103*MAX(0,MIN(1,Inputs!$C$32+(D103-E103)*Inputs!$C$33)) -> 8.246 | Q103: =O103*MAX(0,MIN(1,Inputs!$C$32+(E103-D103)*Inputs!$C$33)) -> 12.452 | R103: =ROUND(P103*Inputs!$C$31,0) -> 2 | S103: =ROUND(Q103*Inputs!$C$31,0) -> 4 | T103: =J103+L103+I103*Inputs!$C$28*0.5 -> 6.1635 | U103: =K103+M103+I103*Inputs!$C$28*0.5 -> 6.4365 | V103: =T103*Inputs!$C$36 -> 4.31445 | W103: =U103*Inputs!$C$36 -> 4.50555 | X103: =V103*Inputs!$C$37 -> 2.8043925 | Y103: =W103*Inputs!$C$37 -> 2.9286075 | Z103: =R103*Inputs!$C$38 -> 1.5 | AA103: =S103*Inputs!$C$38 -> 3 | AB103: =ROUND(R103*5+Z103*2+X103*3,0) -> 21 | AC103: =ROUND(S103*5+AA103*2+Y103*3,0) -> 35 | AD103: =IF(RAND()<Inputs!$C$41,1,0)+IF(RAND()<Inputs!$C$41,1,0) -> 1 | AE103: =IF(RAND()<Inputs!$C$42,1,0)+IF(RAND()<Inputs!$C$42,1,0) -> 0 | AF103: =AB103+AC103 -> 56 | AG103: =ABS(AB103-AC103) -> 14 | AH103: =R103+S103 -> 6 | AI103: =V103+W103 -> 8.82 | AJ103: =X103+Y103 -> 5.733 | AK103: =IF(AB103=AC103,1,0) -> 0

Sheet Distributions
B1: Agrégations sur les 100 matchs
B3: Métrique | C3: Moyenne | D3: Écart-type | E3: Min | F3: Max | G3: P25 | H3: P75
B4: Score Home | C4: =AVERAGE(Match_Sim!AB4:AB103) -> 27.03 | D4: =STDEV(Match_Sim!AB4:AB103) -> 5.8714426 | E4: =MIN(Match_Sim!AB4:AB103) -> 14 | F4: =MAX(Match_Sim!AB4:AB103) -> 42 | G4: =PERCENTILE(Match_Sim!AB4:AB103,0.25) -> 21 | H4: =PERCENTILE(Match_Sim!AB4:AB103,0.75) -> 30.25
B5: Score Away | C5: =AVERAGE(Match_Sim!AC4:AC103) -> 27.04 | D5: =STDEV(Match_Sim!AC4:AC103) -> 6.2472944 | E5: =MIN(Match_Sim!AC4:AC103) -> 13 | F5: =MAX(Match_Sim!AC4:AC103) -> 42 | G5: =PERCENTILE(Match_Sim!AC4:AC103,0.25) -> 21 | H5: =PERCENTILE(Match_Sim!AC4:AC103,0.75) -> 31
B6: Score total (cumul deux équipes) | C6: =AVERAGE(Match_Sim!AF4:AF103) -> 54.07 | D6: =STDEV(Match_Sim!AF4:AF103) -> 6.0823557 | E6: =MIN(Match_Sim!AF4:AF103) -> 40 | F6: =MAX(Match_Sim!AF4:AF103) -> 64 | G6: =PERCENTILE(Match_Sim!AF4:AF103,0.25) -> 47.75 | H6: =PERCENTILE(Match_Sim!AF4:AF103,0.75) -> 57
B7: Différentiel score (|H-A|) | C7: =AVERAGE(Match_Sim!AG4:AG103) -> 8.81 | D7: =STDEV(Match_Sim!AG4:AG103) -> 5.6222771 | E7: =MIN(Match_Sim!AG4:AG103) -> 0 | F7: =MAX(Match_Sim!AG4:AG103) -> 21 | G7: =PERCENTILE(Match_Sim!AG4:AG103,0.25) -> 6 | H7: =PERCENTILE(Match_Sim!AG4:AG103,0.75) -> 14
B8: Essais Home | C8: =AVERAGE(Match_Sim!R4:R103) -> 2.91 | D8: =STDEV(Match_Sim!R4:R103) -> 0.82993245 | E8: =MIN(Match_Sim!R4:R103) -> 1 | F8: =MAX(Match_Sim!R4:R103) -> 5 | G8: =PERCENTILE(Match_Sim!R4:R103,0.25) -> 2 | H8: =PERCENTILE(Match_Sim!R4:R103,0.75) -> 3.25
B9: Essais Away | C9: =AVERAGE(Match_Sim!S4:S103) -> 2.9 | D9: =STDEV(Match_Sim!S4:S103) -> 0.85870469 | E9: =MIN(Match_Sim!S4:S103) -> 1 | F9: =MAX(Match_Sim!S4:S103) -> 5 | G9: =PERCENTILE(Match_Sim!S4:S103,0.25) -> 2 | H9: =PERCENTILE(Match_Sim!S4:S103,0.75) -> 3.25
B10: Essais TOTAL (cible 4-6) | C10: =AVERAGE(Match_Sim!AH4:AH103) -> 5.81 | D10: =STDEV(Match_Sim!AH4:AH103) -> 0.74799395 | E10: =MIN(Match_Sim!AH4:AH103) -> 4 | F10: =MAX(Match_Sim!AH4:AH103) -> 7 | G10: =PERCENTILE(Match_Sim!AH4:AH103,0.25) -> 5 | H10: =PERCENTILE(Match_Sim!AH4:AH103,0.75) -> 6
B11: Pénalités tentées TOTAL (cible 8-12) | C11: =AVERAGE(Match_Sim!AI4:AI103) -> 8.3712195 | D11: =STDEV(Match_Sim!AI4:AI103) -> 0.78967624 | E11: =MIN(Match_Sim!AI4:AI103) -> 6.986 | F11: =MAX(Match_Sim!AI4:AI103) -> 9.604 | G11: =PERCENTILE(Match_Sim!AI4:AI103,0.25) -> 7.658 | H11: =PERCENTILE(Match_Sim!AI4:AI103,0.75) -> 9.0195
B12: Pénalités réussies TOTAL | C12: =AVERAGE(Match_Sim!AJ4:AJ103) -> 5.4412927 | D12: =STDEV(Match_Sim!AJ4:AJ103) -> 0.51328955 | E12: =MIN(Match_Sim!AJ4:AJ103) -> 4.5409 | F12: =MAX(Match_Sim!AJ4:AJ103) -> 6.2426 | G12: =PERCENTILE(Match_Sim!AJ4:AJ103,0.25) -> 4.9777 | H12: =PERCENTILE(Match_Sim!AJ4:AJ103,0.75) -> 5.862675
B13: % réussite pénalités (cible 60-70%) | C13: =SUM(Match_Sim!AJ4:AJ103)/MAX(1,SUM(Match_Sim!AI4:AI103)) -> 0.65 | D13: ="" | E13: ="" | F13: ="" | G13: ="" | H13: =""
B14: Phases TOTAL (cible 70-80) | C14: =AVERAGE(Match_Sim!F4:F103) -> 78.09 | D14: =STDEV(Match_Sim!F4:F103) -> 7.4333333 | E14: =MIN(Match_Sim!F4:F103) -> 65 | F14: =MAX(Match_Sim!F4:F103) -> 90 | G14: =PERCENTILE(Match_Sim!F4:F103,0.25) -> 71 | H14: =PERCENTILE(Match_Sim!F4:F103,0.75) -> 84.25
B15: Mêlées par match | C15: =AVERAGE(Match_Sim!G4:G103) -> 5.83 | D15: =STDEV(Match_Sim!G4:G103) -> 0.63651513 | E15: =MIN(Match_Sim!G4:G103) -> 5 | F15: =MAX(Match_Sim!G4:G103) -> 7 | G15: =PERCENTILE(Match_Sim!G4:G103,0.25) -> 5 | H15: =PERCENTILE(Match_Sim!G4:G103,0.75) -> 6
B16: Touches par match | C16: =AVERAGE(Match_Sim!H4:H103) -> 13.65 | D16: =STDEV(Match_Sim!H4:H103) -> 1.4097424 | E16: =MIN(Match_Sim!H4:H103) -> 11 | F16: =MAX(Match_Sim!H4:H103) -> 16 | G16: =PERCENTILE(Match_Sim!H4:H103,0.25) -> 12 | H16: =PERCENTILE(Match_Sim!H4:H103,0.75) -> 15
B17: Rucks/jeu courant par match | C17: =AVERAGE(Match_Sim!I4:I103) -> 58.61 | D17: =STDEV(Match_Sim!I4:I103) -> 5.4899265 | E17: =MIN(Match_Sim!I4:I103) -> 49 | F17: =MAX(Match_Sim!I4:I103) -> 67 | G17: =PERCENTILE(Match_Sim!I4:I103,0.25) -> 54 | H17: =PERCENTILE(Match_Sim!I4:I103,0.75) -> 63.25
B18: Cartons jaunes par match (cible 0.3-0.7) | C18: =AVERAGE(Match_Sim!AD4:AD103) -> 0.56 | D18: =STDEV(Match_Sim!AD4:AD103) -> 0.60835928 | E18: =MIN(Match_Sim!AD4:AD103) -> 0 | F18: =MAX(Match_Sim!AD4:AD103) -> 2 | G18: =PERCENTILE(Match_Sim!AD4:AD103,0.25) -> 0 | H18: =PERCENTILE(Match_Sim!AD4:AD103,0.75) -> 1
B19: Cartons rouges par match (cible 0.05-0.10) | C19: =AVERAGE(Match_Sim!AE4:AE103) -> 0.07 | D19: =STDEV(Match_Sim!AE4:AE103) -> 0.2564324 | E19: =MIN(Match_Sim!AE4:AE103) -> 0 | F19: =MAX(Match_Sim!AE4:AE103) -> 1 | G19: =PERCENTILE(Match_Sim!AE4:AE103,0.25) -> 0 | H19: =PERCENTILE(Match_Sim!AE4:AE103,0.75) -> 0
B20: % matchs nuls (cible < 8%) | C20: =AVERAGE(Match_Sim!AK4:AK103) -> 0.07 | D20: =STDEV(Match_Sim!AK4:AK103) -> 0.2564324 | E20: =MIN(Match_Sim!AK4:AK103) -> 0 | F20: =MAX(Match_Sim!AK4:AK103) -> 1 | G20: =PERCENTILE(Match_Sim!AK4:AK103,0.25) -> 0 | H20: =PERCENTILE(Match_Sim!AK4:AK103,0.75) -> 0

Sheet Targets
B1: Cibles vs réalité Top 14 — indicateur OK / KO
B3: Métrique | C3: Cible MIN | D3: Cible MAX | E3: Mesuré (100 matchs) | F3: Statut
B4: Essais TOTAL par match | C4: 4 | D4: 6 | E4: =AVERAGE(Match_Sim!AH4:AH103) -> 5.81 | F4: =IF(AND(E4>=C4,E4<=D4),"OK","KO") -> OK
B5: Pénalités tentées TOTAL par match | C5: 8 | D5: 12 | E5: =AVERAGE(Match_Sim!AI4:AI103) -> 8.3712195 | F5: =IF(AND(E5>=C5,E5<=D5),"OK","KO") -> OK
B6: % réussite pénalités | C6: 0.6 | D6: 0.7 | E6: =SUM(Match_Sim!AJ4:AJ103)/MAX(1,SUM(Match_Sim!AI4:AI103)) -> 0.65 | F6: =IF(AND(E6>=C6,E6<=D6),"OK","KO") -> OK
B7: Phases TOTAL par match | C7: 70 | D7: 80 | E7: =AVERAGE(Match_Sim!F4:F103) -> 78.09 | F7: =IF(AND(E7>=C7,E7<=D7),"OK","KO") -> OK
B8: Score moyen Home | C8: 18 | D8: 30 | E8: =AVERAGE(Match_Sim!AB4:AB103) -> 27.03 | F8: =IF(AND(E8>=C8,E8<=D8),"OK","KO") -> OK
B9: Score moyen Away | C9: 18 | D9: 30 | E9: =AVERAGE(Match_Sim!AC4:AC103) -> 27.04 | F9: =IF(AND(E9>=C9,E9<=D9),"OK","KO") -> OK
B10: Cartons jaunes par match | C10: 0.3 | D10: 0.7 | E10: =AVERAGE(Match_Sim!AD4:AD103) -> 0.56 | F10: =IF(AND(E10>=C10,E10<=D10),"OK","KO") -> OK
B11: Cartons rouges par match | C11: 0.05 | D11: 0.1 | E11: =AVERAGE(Match_Sim!AE4:AE103) -> 0.07 | F11: =IF(AND(E11>=C11,E11<=D11),"OK","KO") -> OK
B12: % matchs nuls | C12: 0 | D12: 0.08 | E12: =AVERAGE(Match_Sim!AK4:AK103) -> 0.07 | F12: =IF(AND(E12>=C12,E12<=D12),"OK","KO") -> OK
B15: Score global | C15: =COUNTIF(F4:F12,"OK")&"/"&9&" critères OK" -> 9/9 critères OK
